# Planet: a, e, b, a(1-e)1%, a(1+e)1% --- Sources: Wiki pages of Planets
0.3871; 0.2056; 0.3788300390124605; 0.0030751224; 0.0046668776;
0.723; 0.0068; 0.7229832840467614; 0.007180835999999999; 0.007279163999999999;
1.0; 0.0167; 0.9998605452761899; 0.009833; 0.010167;
1.524; 0.0934; 1.517338086554687; 0.013816584; 0.016663416;
5.204; 0.0489; 5.197774347641944; 0.04949524399999999; 0.054584756;
9.582; 0.0542; 9.567915415292333; 0.09062655600000001; 0.101013444;
19.201; 0.0472; 19.17959969632099; 0.182947128; 0.201072872;
30.047; 0.00859; 30.04589142402934; 0.2978889627; 0.3030510373;
39.482; 0.2488; 38.24048386241489; 0.296588784; 0.4930512159999999;
